{"type":"Box","props":{"y":0,"x":0,"width":128,"var":"adItem","presetID":1,"isPresetRoot":true,"height":150},"compId":6,"child":[{"type":"Image","props":{"y":0,"x":0,"width":128,"var":"adIcon","skin":"sign/sign_di.png","presetID":2,"name":"adIcon","height":128},"compId":4},{"type":"Label","props":{"y":130,"x":4,"width":120,"var":"iconName","text":"切切切","presetID":3,"name":"iconName","height":20,"fontSize":20,"color":"#ffffff","align":"center"},"compId":5}],"loadList":["sign/sign_di.png"],"loadList3D":[]}