{"type":"Sprite","props":{"y":0,"x":0,"presetID":1,"isPresetRoot":true},"compId":20,"child":[{"type":"Image","props":{"width":495,"skin":"ranking/rank_di_1.png","sizeGrid":"26,30,30,27","presetID":2,"name":"bg","height":111},"compId":21},{"type":"Image","props":{"y":29.5,"x":17,"skin":"ranking/rank_1st.png","presetID":3,"name":"rankbg"},"compId":23},{"type":"Label","props":{"y":52,"x":43.5,"valign":"top","text":"100","presetID":4,"name":"rankNum","fontSize":20,"font":"Microsoft YaHei","color":"#407472","bold":true,"anchorY":0.5,"anchorX":0.5,"align":"center"},"compId":24},{"type":"Image","props":{"y":52,"x":128,"width":70,"skin":"ranking/rank_3rd.png","presetID":5,"name":"headicon","height":70,"anchorY":0.5,"anchorX":0.5},"compId":25},{"type":"Label","props":{"y":42,"x":182,"width":169,"valign":"top","text":"label","presetID":7,"name":"name","height":28,"fontSize":30,"font":"Microsoft YaHei","color":"#e5dddd","bold":true,"align":"left"},"compId":27},{"type":"Text","props":{"y":42,"x":376,"width":98,"valign":"top","text":"3000","presetID":8,"name":"score","height":30,"fontSize":28,"font":"Microsoft YaHei","color":"#ece8e7","bold":true,"align":"left","runtime":"laya.display.Text"},"compId":28}],"loadList":["ranking/rank_di_1.png","ranking/rank_1st.png","ranking/rank_3rd.png"],"loadList3D":[]}