{"type":"Image","props":{"y":0,"x":0,"width":166,"visible":true,"skin":"reward/LuckItemBG.png","skewX":0,"scaleX":1,"presetID":1,"name":"frame","isPresetRoot":true,"height":168},"compId":13,"child":[{"type":"Image","props":{"y":0,"x":0,"width":166,"visible":false,"skin":"reward/LuckItem2.png","presetID":2,"name":"gem","height":168},"compId":14},{"type":"Box","props":{"y":32,"x":49,"presetID":3,"name":"gold"},"compId":30,"child":[{"type":"Image","props":{"y":54,"x":4,"width":58,"skin":"game/icon_diamond.png","presetID":4,"height":59},"compId":16},{"type":"Text","props":{"width":77,"text":"66","presetID":5,"name":"goldCount","height":49,"fontSize":50,"font":"Microsoft YaHei","color":"#f8eeee","bold":true,"runtime":"laya.display.Text"},"compId":15}]},{"type":"Image","props":{"y":18,"x":21,"visible":false,"skin":"skin/Hoop_spiral_blue_icon.png","presetID":8,"name":"hoopicon"},"compId":31},{"type":"Image","props":{"y":0,"x":21,"width":123,"skin":"reward/LuckyChest_1.png","presetID":6,"name":"boxClose","height":126},"compId":17},{"type":"Image","props":{"y":18,"x":23,"width":123,"visible":false,"var":"boxOpen","skin":"reward/LuckyChest_2.png","presetID":7,"height":126},"compId":19},{"type":"Sprite","props":{"y":-5.5,"x":-6,"visible":false,"texture":"skin/skin_mask.png","presetID":9,"name":"videoIcon"},"compId":32}],"loadList":["reward/LuckItemBG.png","reward/LuckItem2.png","game/icon_diamond.png","skin/Hoop_spiral_blue_icon.png","reward/LuckyChest_1.png","reward/LuckyChest_2.png","skin/skin_mask.png"],"loadList3D":[]}