{"type":"Image","props":{"y":0,"x":0,"width":150,"skin":"sign/sign_di.png","presetID":1,"isPresetRoot":true,"height":152},"compId":58,"child":[{"type":"Text","props":{"y":4,"x":3,"width":144,"valign":"top","text":"第1天","presetID":2,"name":"title","height":30,"fontSize":25,"font":"Microsoft YaHei","color":"#f9f4f4","bold":true,"align":"center","runtime":"laya.display.Text"},"compId":65},{"type":"Image","props":{"y":46,"x":47.5,"width":53,"skin":"game/icon_diamond.png","presetID":3,"name":"gold","height":56},"compId":72,"child":[{"type":"Text","props":{"y":66,"x":-9.5,"width":78,"valign":"middle","text":"500","presetID":4,"name":"goldCount","height":20,"fontSize":25,"font":"Microsoft YaHei","color":"#217ea3","bold":true,"align":"center","runtime":"laya.display.Text"},"compId":74}]},{"type":"Image","props":{"y":34,"x":23,"width":102,"skin":"skin/Hoop_Duck_icon.png","presetID":8,"name":"knifeIcon","height":103},"compId":78},{"type":"Image","props":{"y":0,"x":0,"width":150,"visible":false,"skin":"sign/sign_mask.png","presetID":5,"name":"received","height":150},"compId":75,"child":[{"type":"Image","props":{"y":49,"x":49,"width":58,"skin":"sign/sign_Greensigned.png","presetID":6,"height":48},"compId":76},{"type":"Text","props":{"y":98,"x":5,"wordWrap":true,"width":139,"valign":"middle","text":"Checked in","strokeColor":"#ff0400","stroke":3,"presetID":9,"name":"checkedTxt","height":47,"fontSize":22,"font":"Microsoft YaHei","color":"#ffffff","bold":true,"align":"center","runtime":"laya.display.Text"},"compId":79}]}],"loadList":["sign/sign_di.png","game/icon_diamond.png","skin/Hoop_Duck_icon.png","sign/sign_mask.png","sign/sign_Greensigned.png"],"loadList3D":[]}