{"type":"Image","props":{"y":0,"x":0,"width":177,"skin":"skin/Skinitem_BG2.png","presetID":1,"name":"frame","isPresetRoot":true,"height":179},"compId":20,"child":[{"type":"Image","props":{"width":177,"visible":false,"skin":"skin/Skinitem_BG1.png","presetID":2,"name":"Selected","height":177},"compId":21},{"type":"Image","props":{"y":26,"x":26,"width":125,"skin":"skin/Hoop_onecolor_-grey_icon.png","presetID":3,"name":"icon","height":125},"compId":22},{"type":"Sprite","props":{"y":0,"x":0,"texture":"skin/skin_mask.png","presetID":4,"name":"skinMask"},"compId":24}],"loadList":["skin/Skinitem_BG2.png","skin/Skinitem_BG1.png","skin/Hoop_onecolor_-grey_icon.png","skin/skin_mask.png"],"loadList3D":[]}