{"box.atlas":["box/",["BG_Black.png","btn_orange.png","btntext_double.png","chest01.png","chest02.png","rewarded_video.png","text_claim.png","text_freeVhest.png","text_unlock.png","text_unlockdes.png"]],"dare.atlas":["dare/",["pvp.png","skin_di.png","text_find.png","vs.png"]],"game.atlas":["game/",["BTN_challenge.png","BTN_skin.png","CaptureVideo.png","PlayerMark.png","backBTN.png","btn_Purpledi.png","btn_blue.png","btn_chest.png","btn_green.png","btn_grey.png","btn_luckypan.png","btn_orange.png","btn_red.png","btn_sign.png","btntext_lucky.png","emoji1.png","emoji2.png","emoji3.png","emoji4.png","emoji5.png","emoji6.png","emoji7.png","icon_diamond.png","icon_shareVideo.png","iocn_diamondBG.png","mainShareVedio.png","main_UiNotice.png","main_menu_sound_1.png","main_menu_sound_2.png","main_menu_vibroon_1.png","main_menu_vibroon_2.png","nameBG.png","rank.png","record_RecordingText.png","record_start.png","record_startText.png","record_stop.png","record_stopText.png","setting1.png","setting2.png","settingDI2.png","share.png","share_icon.png","share_text.png","signName.png","textShare.png","text_comingSoon.png","text_free.png","text_start.png","top_close.png"]],"game.json":["game/",[]],"level.atlas":["level/",["BG_Black.png","BTNtext_next.png","GemLogo.png","Text_freeRelive.png","btn_green.png","fail-xxx.png","gem_FX.png","gen_StartText.png","level_bar1.png","level_bar2.png","level_bg1.png","level_bg2.png","level_bg3.png","level_complete.png","level_failed.png","level_finalDi.png","level_finalDi0.png","result_key.png","result_key_fx.png","result_key_small.png","result_key_small2.png","reward_cup.png","reward_key.png","text_NoThnaks.png","text_UIname.png"]],"loading.atlas":["loading/",["Logo.png","process$bar.png","process.png","processBar_3.png"]],"luckyBox.atlas":["luckyBox/",["LuckPan_1.png","LuckPan_2.png","text_claim.png","text_freeLucky.png","text_stop.png"]],"playGame.atlas":["playGame/",["ColorText_AMAZING.png","ColorText_AWESOME.png","ColorText_EXCELLENT.png","ColorText_GREAT.png","ColorText_SPLENDID.png","ColorText_TERRIFIC.png","ColorText_WONDERFUL.png","ColorText_WOW.png","PlayerMark.png","TextGO.png","fightTime_bg.png","scorePoint1.png","scorePoint2.png"]],"res/atlas/box.atlas":["box/",["BG_Black.png","btn_orange.png","btntext_double.png","chest01.png","chest02.png","rewarded_video.png","text_claim.png","text_freeVhest.png","text_unlock.png","text_unlockdes.png"]],"res/atlas/dare.atlas":["dare/",["pvp.png","skin_di.png","text_find.png","vs.png"]],"res/atlas/game.atlas":["game/",["4399.png","ADbtn.png","ADclose.png","BTN_challenge.png","BTN_skin.png","CaptureVideo.png","PlayerMark.png","addi.png","backBTN.png","btn_Purpledi.png","btn_blue.png","btn_chest.png","btn_green.png","btn_grey.png","btn_luckypan.png","btn_orange.png","btn_red.png","btn_sign.png","btntext_lucky.png","di1.png","emoji1.png","emoji2.png","emoji3.png","emoji4.png","emoji5.png","emoji6.png","emoji7.png","friendPlaying.png","friendPlaying_small.png","guideLeft.png","guideRight.png","icon_diamond.png","icon_shareVideo.png","iocn_diamondBG.png","loading3.png","mainShareVedio.png","main_UiNotice.png","main_menu_sound_1.png","main_menu_sound_2.png","main_menu_vibroon_1.png","main_menu_vibroon_2.png","mask.png","moregame.png","nameBG.png","otherADBG.png","rank.png","record_RecordingText.png","record_start.png","record_startText.png","record_stop.png","record_stopText.png","reddot.png","setting1.png","setting2.png","settingDI2.png","share.png","share_icon.png","share_text.png","signName.png","textShare.png","text_comingSoon.png","text_free.png","text_start.png","top_close.png","toulike.png"]],"res/atlas/level.atlas":["level/",["BG_Black.png","BTNtext_next.png","GemLogo.png","Text_freeRelive.png","btn_green.png","fail-xxx.png","gem_FX.png","gen_StartText.png","level_bar1.png","level_bar2.png","level_bg1.png","level_bg2.png","level_bg3.png","level_complete.png","level_failed.png","level_finalDi.png","level_finalDi0.png","result_key.png","result_key_fx.png","result_key_small.png","result_key_small2.png","reward_cup.png","reward_key.png","text_NoThnaks.png","text_UIname.png"]],"res/atlas/loading.atlas":["loading/",["Logo.png","process$bar.png","process.png","processBar_3.png"]],"res/atlas/luckyBox.atlas":["luckyBox/",["LuckPan_1.png","LuckPan_2.png","LuckPan_light1.png","LuckPan_light2.png","text_claim.png","text_freeLucky.png","text_stop.png"]],"res/atlas/playGame.atlas":["playGame/",["ColorText_AMAZING.png","ColorText_AWESOME.png","ColorText_EXCELLENT.png","ColorText_GREAT.png","ColorText_SPLENDID.png","ColorText_TERRIFIC.png","ColorText_WONDERFUL.png","ColorText_WOW.png","PlayerMark.png","TextGO.png","fightTime_bg.png","scorePoint1.png","scorePoint2.png"]],"res/atlas/ranking.atlas":["ranking/",["Rank_title.png","backBTN.png","mask.png","rank_1st.png","rank_2nd.png","rank_3rd.png","rank_bgDI.png","rank_di_1.png","rank_di_2.png","rank_di_3.png","rank_di_4.png","rank_di_5.png","rank_headMask.png","rank_normal.png","rank_player.png","textdown.png","textup.png"]],"res/atlas/reward.atlas":["reward/",["Get3key.png","LuckItem2.png","LuckItemBG.png","LuckyChest_1.png","LuckyChest_2.png","Text_BestRewards.png","result_key_1.png","result_key_2.png","result_rays.png","rewarded_video_button.png"]],"res/atlas/robot.atlas":["robot/",["portrait_01.png","portrait_02.png","portrait_03.png","portrait_04.png","portrait_05.png","portrait_06.png","portrait_07.png","portrait_08.png","portrait_09.png","portrait_10.png","portrait_11.png","portrait_12.png","portrait_13.png","portrait_14.png","portrait_15.png","portrait_16.png","portrait_17.png","portrait_18.png","portrait_19.png","portrait_20.png","portrait_21.png","portrait_22.png","portrait_23.png","portrait_24.png","portrait_25.png","portrait_26.png","portrait_27.png","portrait_28.png","portrait_29.png","portrait_30.png","portrait_31.png","portrait_32.png","portrait_33.png","portrait_34.png","portrait_35.png","portrait_36.png","portrait_37.png","portrait_38.png","portrait_39.png","portrait_40.png","portrait_41.png","portrait_42.png","portrait_43.png","portrait_44.png","portrait_45.png","portrait_46.png","portrait_47.png","portrait_48.png","portrait_49.png","portrait_50.png","portrait_51.png","portrait_52.png","portrait_53.png","portrait_54.png","portrait_55.png","portrait_56.png","portrait_57.png","portrait_58.png","portrait_59.png","portrait_60.png","portrait_61.png","portrait_62.png","portrait_63.png","portrait_64.png","portrait_65.png","portrait_66.png","portrait_67.png","portrait_68.png","portrait_69.png","portrait_70.png","portrait_71.png","portrait_72.png","portrait_73.png","portrait_74.png","portrait_75.png","portrait_76.png","portrait_77.png","portrait_78.png","portrait_79.png","portrait_80.png","portrait_81.png"]],"res/atlas/sign.atlas":["sign/",["btn_textClaim.png","btn_textDouble.png","sign_Greensigned.png","sign_bg.png","sign_di.png","sign_mask.png","sign_redText.png","sign_title.png"]],"res/atlas/skin.atlas":["skin/",["Ball_USA_icon.png","Ball_canada_icon.png","Ball_chupa_green_icon.png","Ball_chupa_yellow_icon.png","Ball_cookie_icon.png","Ball_deafult_icon.png","Ball_dragonball.png","Ball_earth.png","Ball_emoji.png","Ball_eyeball.png","Ball_gem_red_icon.png","Ball_goal_01_icon.png","Ball_goal_03_icon.png","Ball_goal_04_icon.png","Ball_gradient_icon.png","Ball_heart.png","Ball_mushroom_icon.png","Ball_pokemonball.png","Hoop_Donut_01_icon.png","Hoop_Duck_icon.png","Hoop_Minecraft_icon.png","Hoop_Tire_icon.png","Hoop_UFO_icon.png","Hoop_Unicorn_icon.png","Hoop_diagonal_orange_icon.png","Hoop_flag_britain_icon.png","Hoop_flag_canada_icon.png","Hoop_flag_rainbow_icon.png","Hoop_flag_usa_icon.png","Hoop_onecolor_-grey_icon.png","Hoop_onecolor_black_icon.png","Hoop_spiral_blue_icon.png","Hoop_spiral_pink_icon.png","Hoop_standart_green_icon.png","Hoop_vertical_blue_icon.png","Hoop_vertical_pink_icon.png","SkinBG.jpg","Skinitem_BG1.png","Skinitem_BG2.png","Skinitem_BG3.png","btn_green.png","btn_grey.png","freeDiamond.png","hoop_Spike.png","hoop_demon.png","hoop_hat.png","hoop_kiss.png","hoop_lid.png","hoop_snake.png","skin_TapText1.png","skin_TapText2.png","skin_Tap_Select.png","skin_Tap_UnSelect.png","skin_Tap_closeBTN.png","skin_dot1.png","skin_dot2.png","skin_mask.png","text_unlock.png","usetext.png"]],"reward.atlas":["reward/",["Get3key.png","LuckItem2.png","LuckItemBG.png","LuckyChest_1.png","LuckyChest_2.png","Text_BestRewards.png","result_key_1.png","result_key_2.png","result_rays.png","rewarded_video_button.png"]],"robot.atlas":["robot/",["portrait_01.png","portrait_02.png","portrait_03.png","portrait_04.png","portrait_05.png","portrait_06.png","portrait_07.png","portrait_08.png","portrait_09.png","portrait_10.png","portrait_11.png","portrait_12.png","portrait_13.png","portrait_14.png","portrait_15.png","portrait_16.png","portrait_17.png","portrait_18.png","portrait_19.png","portrait_20.png","portrait_21.png","portrait_22.png","portrait_23.png","portrait_24.png","portrait_25.png","portrait_26.png","portrait_27.png","portrait_28.png","portrait_29.png","portrait_30.png","portrait_31.png","portrait_32.png","portrait_33.png","portrait_34.png","portrait_35.png","portrait_36.png","portrait_37.png","portrait_38.png","portrait_39.png","portrait_40.png","portrait_41.png","portrait_42.png","portrait_43.png","portrait_44.png","portrait_45.png","portrait_46.png","portrait_47.png","portrait_48.png","portrait_49.png","portrait_50.png","portrait_51.png","portrait_52.png","portrait_53.png","portrait_54.png","portrait_55.png","portrait_56.png","portrait_57.png","portrait_58.png","portrait_59.png","portrait_60.png","portrait_61.png","portrait_62.png","portrait_63.png","portrait_64.png","portrait_65.png","portrait_66.png","portrait_67.png","portrait_68.png","portrait_69.png","portrait_70.png","portrait_71.png","portrait_72.png","portrait_73.png","portrait_74.png","portrait_75.png","portrait_76.png","portrait_77.png","portrait_78.png","portrait_79.png","portrait_80.png","portrait_81.png"]],"sign.atlas":["sign/",["btn_textClaim.png","btn_textDouble.png","sign_Greensigned.png","sign_bg.png","sign_di.png","sign_mask.png","sign_redText.png","sign_title.png"]],"skin.atlas":["skin/",["Ball_USA_icon.png","Ball_canada_icon.png","Ball_chupa_green_icon.png","Ball_chupa_yellow_icon.png","Ball_cookie_icon.png","Ball_deafult_icon.png","Ball_dragonball.png","Ball_earth.png","Ball_emoji.png","Ball_eyeball.png","Ball_gem_red_icon.png","Ball_goal_01_icon.png","Ball_goal_03_icon.png","Ball_goal_04_icon.png","Ball_gradient_icon.png","Ball_heart.png","Ball_mushroom_icon.png","Ball_pokemonball.png","Hoop_Donut_01_icon.png","Hoop_Duck_icon.png","Hoop_Minecraft_icon.png","Hoop_Tire_icon.png","Hoop_UFO_icon.png","Hoop_Unicorn_icon.png","Hoop_diagonal_orange_icon.png","Hoop_flag_britain_icon.png","Hoop_flag_canada_icon.png","Hoop_flag_rainbow_icon.png","Hoop_flag_usa_icon.png","Hoop_onecolor_-grey_icon.png","Hoop_onecolor_black_icon.png","Hoop_spiral_blue_icon.png","Hoop_spiral_pink_icon.png","Hoop_standart_green_icon.png","Hoop_vertical_blue_icon.png","Hoop_vertical_pink_icon.png","SkinBG.jpg","Skinitem_BG1.png","Skinitem_BG2.png","Skinitem_BG3.png","btn_green.png","btn_grey.png","freeDiamond.png","hoop_Spike.png","hoop_demon.png","hoop_hat.png","hoop_kiss.png","hoop_lid.png","hoop_snake.png","skin_TapText1.png","skin_TapText2.png","skin_Tap_Select.png","skin_Tap_UnSelect.png","skin_Tap_closeBTN.png","skin_dot1.png","skin_dot2.png","skin_mask.png","text_unlock.png","usetext.png"]]}