[{"Id":1,"QQAd":"a720ddeb9e8c22aa8b2d31162e76b19d","TouTAd":"e1d64t0pcqh4j6812a","WXAd":"adunit-7e4f3f2b3d5de266","OPPOAd":0,"VivoAd":"92621f199ab443bd8cb9af5c06a12218","BaiduAd":6608482,"TaptapAd":9.361146E+08,"XiaomiAd":0,"HagoAd":0,"Remark":"转盘宝箱banner广告"},{"Id":2,"QQAd":"3153764e73c39b20a32015d6efeefadd","TouTAd":"v0p9rapyphdcd438a0","WXAd":"adunit-05b332f804b86a37","OPPOAd":126712,"VivoAd":"92621f199ab443bd8cb9af5c06a12218","BaiduAd":6608483,"TaptapAd":9.361141E+08,"XiaomiAd":0,"HagoAd":0,"Remark":"时间宝箱banner广告"},{"Id":3,"QQAd":"8d777474393a3cbad92dfe7b8565b9e3","TouTAd":"4g83i0rqsihbi0gc1a","WXAd":0,"OPPOAd":0,"VivoAd":0,"BaiduAd":0,"TaptapAd":0,"XiaomiAd":0,"HagoAd":0,"Remark":"主界面banner广告"},{"Id":4,"QQAd":"35333573c3ee8c23ba37b809154a72b7","TouTAd":"69dekfs0rur2b84alg","WXAd":"adunit-e0376862ebfcb210","OPPOAd":126712,"VivoAd":"92621f199ab443bd8cb9af5c06a12218","BaiduAd":6608484,"TaptapAd":9.361144E+08,"XiaomiAd":0,"HagoAd":0,"Remark":"皮肤界面banner广告"},{"Id":5,"QQAd":"91e2fb487cb4b69384a2ca227ac241b7","TouTAd":"1a76d3i5h9e2b323kj","WXAd":"adunit-42786ec5ac00bb57","OPPOAd":126712,"VivoAd":"92621f199ab443bd8cb9af5c06a12218","BaiduAd":0,"TaptapAd":9.361146E+08,"XiaomiAd":0,"HagoAd":0,"Remark":"关卡banner广告"},{"Id":6,"QQAd":"dae362c48b5bfa6e640f42ca53335ba2","TouTAd":"iqx7yxkt7a1b4g635b","WXAd":"adunit-d83f5cf2231d07bd","OPPOAd":126712,"VivoAd":"92621f199ab443bd8cb9af5c06a12218","BaiduAd":6608485,"TaptapAd":9.361146E+08,"XiaomiAd":0,"HagoAd":0,"Remark":"宝石挑战结算banner广告"},{"Id":7,"QQAd":"5a3eca5bef3d9891e9b23f3584576a6c","TouTAd":"66a490b6m9m6693ig7","WXAd":"adunit-7c33ff9f1d3adc88","OPPOAd":126712,"VivoAd":"92621f199ab443bd8cb9af5c06a12218","BaiduAd":0,"TaptapAd":9.361146E+08,"XiaomiAd":0,"HagoAd":0,"Remark":"决赛胜利弹奖杯banner广告"},{"Id":8,"QQAd":"feac3f36c9f1add40513aa01e5af5049","TouTAd":"15bine55g0a1pck1td","WXAd":"adunit-7d23ace02be8b68c","OPPOAd":126712,"VivoAd":"92621f199ab443bd8cb9af5c06a12218","BaiduAd":6608486,"TaptapAd":9.361142E+08,"XiaomiAd":0,"HagoAd":0,"Remark":"翻牌抽奖界面banner广告"},{"Id":9,"QQAd":"e4a7f1275dd6c2b700c4298bf0a57db8","TouTAd":"k3bk84k28653vqjs6s","WXAd":"adunit-56d3582ac54d7b43","OPPOAd":126712,"VivoAd":"92621f199ab443bd8cb9af5c06a12218","BaiduAd":6608487,"TaptapAd":9.361148E+08,"XiaomiAd":0,"HagoAd":0,"Remark":"挑战结算banner广告"},{"Id":10,"QQAd":"3b1e909409385739bea09d4be95c6bf6","TouTAd":"33jabdm27331qemmg1","WXAd":"adunit-7a891a077db396be","OPPOAd":126713,"VivoAd":"242e489ac2704d93a73ef272d3b0259d","BaiduAd":6608488,"TaptapAd":9.361144E+08,"XiaomiAd":"4f25474c38ab810f86a28e723cbb349d","HagoAd":10183,"Remark":"转盘宝箱抽奖视频"},{"Id":11,"QQAd":"cb94cc8c6f9e5059c7674e15847660e5","TouTAd":"glp4oj8eb5oar6g05m","WXAd":"adunit-6ba9931bdd855e3b","OPPOAd":126713,"VivoAd":"242e489ac2704d93a73ef272d3b0259d","BaiduAd":6608489,"TaptapAd":9.361144E+08,"XiaomiAd":"e3bb7c9fa5318462bd43a25a3c68b1a3","HagoAd":10183,"Remark":"时间宝箱开启视频"},{"Id":12,"QQAd":"ae85741e16f39fa0bda105cd45242d6d","TouTAd":"1183baii72dih7ggoc","WXAd":"adunit-95ace9f39f323f51","OPPOAd":126713,"VivoAd":"242e489ac2704d93a73ef272d3b0259d","BaiduAd":6608490,"TaptapAd":9.361145E+08,"XiaomiAd":"c27a47bfb024d918341dc69341845a76","HagoAd":10183,"Remark":"主界面皮肤免费使用视频"},{"Id":13,"QQAd":"33355718754ecb5a996c9a6b759a764a","TouTAd":"d90q8m4bjg12e24hib","WXAd":"adunit-a9b9cda3f102d6ad","OPPOAd":126713,"VivoAd":"242e489ac2704d93a73ef272d3b0259d","BaiduAd":6608505,"TaptapAd":9.36114E+08,"XiaomiAd":"a6e0a2c5ca5954e69fc5d2213c042395","HagoAd":10183,"Remark":"圈圈界面免费使用视频"},{"Id":14,"QQAd":"563e304732853778557c38f1e1746148","TouTAd":"1eeq31jj69n1m6jobl","WXAd":0,"OPPOAd":0,"VivoAd":0,"BaiduAd":0,"TaptapAd":0,"XiaomiAd":0,"HagoAd":0,"Remark":"圈圈界面随机解锁视频"},{"Id":15,"QQAd":"f1f5b5241bfda52b5d6c305d62b921a6","TouTAd":"3pfivhsp2g517a1nl0","WXAd":"adunit-7e4076117b7b7235","OPPOAd":126713,"VivoAd":"242e489ac2704d93a73ef272d3b0259d","BaiduAd":6608506,"TaptapAd":9.361141E+08,"XiaomiAd":"e2982d918c98df750b822fce96560463","HagoAd":10183,"Remark":"圈圈界面免费宝石视频"},{"Id":16,"QQAd":"0feee97020de34f36d2ad20f9d0651e5","TouTAd":"2q1jigk4r139mh5k25","WXAd":"adunit-a6dd262b096751a9","OPPOAd":126713,"VivoAd":"242e489ac2704d93a73ef272d3b0259d","BaiduAd":6608507,"TaptapAd":9.361147E+08,"XiaomiAd":"9e7af119a97a74121a9a31b62d4486aa","HagoAd":10183,"Remark":"球球界面免费使用视频"},{"Id":17,"QQAd":"00a0aeed5d1842adcd066a494a0e0d84","TouTAd":"1319m79dl7hh5ng64k","WXAd":"adunit-4e423512c8930660","OPPOAd":126713,"VivoAd":"242e489ac2704d93a73ef272d3b0259d","BaiduAd":6608508,"TaptapAd":9.361149E+08,"XiaomiAd":"5964ed2c019907944b27aa9318a06b60","HagoAd":10183,"Remark":"关卡失败复活视频"},{"Id":18,"QQAd":"d432fd7bf512ebdd2fad7cff44404608","TouTAd":"hlim5f3kgoe12kc3r4","WXAd":"adunit-5c7e17f9d3772cd9","OPPOAd":126713,"VivoAd":"242e489ac2704d93a73ef272d3b0259d","BaiduAd":6608509,"TaptapAd":9.361146E+08,"XiaomiAd":"5964ed2c019907944b27aa9318a06b60","HagoAd":10183,"Remark":"宝石挑战翻倍奖励视频"},{"Id":19,"QQAd":"d7de3336186c6d23e337fe1391ef51eb","TouTAd":"1d1d62f12if4f5gbhd","WXAd":"adunit-a978bd6ee4bce770","OPPOAd":126713,"VivoAd":"242e489ac2704d93a73ef272d3b0259d","BaiduAd":6608510,"TaptapAd":9.361149E+08,"XiaomiAd":"e7ded8089385db0b9e08bb98b9528b01","HagoAd":10183,"Remark":"翻牌抽奖点击箱子视频"},{"Id":20,"QQAd":"81444487639573e74b29a17f20936baf","TouTAd":"5n6c1t9vkpf1e3okm7","WXAd":"adunit-2487d9273a7fc7ac","OPPOAd":126713,"VivoAd":"242e489ac2704d93a73ef272d3b0259d","BaiduAd":6608511,"TaptapAd":9.36114E+08,"XiaomiAd":"e7ded8089385db0b9e08bb98b9528b01","HagoAd":10183,"Remark":"翻牌抽奖+3次视频"},{"Id":21,"QQAd":"05efded52f0f164b7d8bb44b05acf3d0","TouTAd":"v0e4014nnj158dchfe","WXAd":"adunit-8c92551b6f047400","OPPOAd":126713,"VivoAd":"242e489ac2704d93a73ef272d3b0259d","BaiduAd":6608512,"TaptapAd":9.361142E+08,"XiaomiAd":"5964ed2c019907944b27aa9318a06b60","HagoAd":10183,"Remark":"挑战胜利翻倍奖励视频"},{"Id":22,"QQAd":"110dd5f71e498e46de938607b661224f","TouTAd":"bljon81hhdn1c6mm91","WXAd":"adunit-7c2a808251e63418","OPPOAd":126713,"VivoAd":"242e489ac2704d93a73ef272d3b0259d","BaiduAd":6608513,"TaptapAd":9.361145E+08,"XiaomiAd":"5964ed2c019907944b27aa9318a06b60","HagoAd":10183,"Remark":"挑战失败复活视频"},{"Id":23,"QQAd":"f86cc36a3f8ce50ff7b3fef5a80ca9b9","TouTAd":"1i4x04ug2ot21vm434","WXAd":0,"OPPOAd":0,"VivoAd":0,"BaiduAd":0,"TaptapAd":0,"XiaomiAd":0,"HagoAd":0,"Remark":"球球界面随机解锁视频"},{"Id":24,"QQAd":"353967672203af5e453bc562056514a4","TouTAd":"5lel9icje91b570ng5","WXAd":"adunit-19941e96f2880eb2","OPPOAd":126713,"VivoAd":"242e489ac2704d93a73ef272d3b0259d","BaiduAd":6608514,"TaptapAd":9.361146E+08,"XiaomiAd":"9e7af119a97a74121a9a31b62d4486aa","HagoAd":10183,"Remark":"球球界面免费宝石视频"},{"Id":25,"QQAd":0,"TouTAd":0,"WXAd":"adunit-7db35b6c016fe8b8","OPPOAd":126714,"VivoAd":"009ef25e59ca46e0bf50dcb4335733be","BaiduAd":0,"TaptapAd":0,"XiaomiAd":0,"HagoAd":0,"Remark":"点击下一关返回主界面播插屏"},{"Id":26,"QQAd":0,"TouTAd":0,"WXAd":0,"OPPOAd":126710,"VivoAd":0,"BaiduAd":0,"TaptapAd":0,"XiaomiAd":0,"HagoAd":0,"Remark":"时间宝箱原生广告"},{"Id":27,"QQAd":0,"TouTAd":0,"WXAd":0,"OPPOAd":126710,"VivoAd":0,"BaiduAd":0,"TaptapAd":0,"XiaomiAd":0,"HagoAd":0,"Remark":"皮肤界面原生广告"},{"Id":28,"QQAd":0,"TouTAd":0,"WXAd":0,"OPPOAd":126712,"VivoAd":0,"BaiduAd":0,"TaptapAd":0,"XiaomiAd":0,"HagoAd":0,"Remark":"关卡战斗中banner广告"},{"Id":29,"QQAd":0,"TouTAd":0,"WXAd":0,"OPPOAd":126712,"VivoAd":0,"BaiduAd":0,"TaptapAd":0,"XiaomiAd":0,"HagoAd":0,"Remark":"挑战战斗中banner广告"},{"Id":30,"QQAd":0,"TouTAd":0,"WXAd":0,"OPPOAd":126709,"VivoAd":0,"BaiduAd":0,"TaptapAd":0,"XiaomiAd":0,"HagoAd":0,"Remark":"开屏广告"}]