[{"key":"ForceY","value":3.2},{"key":"ForceX","value":1},{"key":"Restitution","value":1},{"key":"HoopMass","value":1},{"key":"HoopGravity","value":7},{"key":"BallMass","value":0.5},{"key":"BallSpeed","value":1},{"key":"VideoGem","value":"25,55"},{"key":"OpenBoxLevel","value":3},{"key":"GemLevel","value":10},{"key":"VideoGold","value":"25,55"},{"key":"BoxGold","value":"100,150"},{"key":"OpenChestModulus","value":50},{"key":"ChestReduce","value":1},{"key":"ChestUp","value":5},{"key":"TryRingList","value":"13,14,15,16,17,18"},{"key":"RateGem","value":"80,108|0,14|60,388|95,208|50,166|0,23|90,268|70,199"},{"key":"TimeBox","value":"10,166|20,188|30,222|30,258|30,288|300,318|600,388"},{"key":"RandomAISkin","value":"1,2,3,4,5,6,7,8,9,10,11,12,13,14,15,16,17,18"},{"key":"ChallengeGold","value":"25,55"},{"key":"GemAddScore","value":5},{"key":"GameTop","value":"3,60,100,280"},{"key":"ShowBannerTime","value":400},{"key":"ShowBackbtnTime","value":2000},{"key":"GameTabletop","value":"10,40,150,300"},{"key":"CheckReward","value":"1,500|2,34|1,1000|1,2000|2,35|1,3000|2,36_1,3000"},{"key":"CheckRewardTwo","value":"1,1000|1,2000|1,3000|1,3000|1,4000|1,4000|2,1_1,5000"},{"key":"TablePlaqueAD","value":50},{"key":"RankOpen","value":0},{"key":"TianmuAD","value":0},{"key":"BackTime","value":2000},{"key":"HagoTestBtn","value":1},{"key":"TurntableChest","value":0}]