[{"Id":1,"Name":"圈圈1","Type":1,"ResIcon":"Hoop_standart_green_icon","ResName":"Hoop_01_01","GemUnlock":0},{"Id":2,"Name":"圈圈2","Type":1,"ResIcon":"Hoop_diagonal_orange_icon","ResName":"Hoop_01_02","GemUnlock":0},{"Id":3,"Name":"圈圈3","Type":1,"ResIcon":"Hoop_vertical_blue_icon","ResName":"Hoop_01_03","GemUnlock":0},{"Id":4,"Name":"圈圈4","Type":1,"ResIcon":"Hoop_vertical_pink_icon","ResName":"Hoop_01_04","GemUnlock":300},{"Id":5,"Name":"圈圈5","Type":1,"ResIcon":"Hoop_onecolor_-grey_icon","ResName":"Hoop_01_05","GemUnlock":300},{"Id":6,"Name":"圈圈6","Type":1,"ResIcon":"Hoop_onecolor_black_icon","ResName":"Hoop_01_06","GemUnlock":300},{"Id":7,"Name":"圈圈7","Type":1,"ResIcon":"Hoop_spiral_pink_icon","ResName":"Hoop_02_01","GemUnlock":0},{"Id":8,"Name":"圈圈8","Type":1,"ResIcon":"Hoop_spiral_blue_icon","ResName":"Hoop_02_02","GemUnlock":1000},{"Id":9,"Name":"圈圈9","Type":1,"ResIcon":"Hoop_flag_usa_icon","ResName":"Hoop_02_03","GemUnlock":1000},{"Id":10,"Name":"圈圈10","Type":1,"ResIcon":"Hoop_flag_rainbow_icon","ResName":"Hoop_02_04","GemUnlock":1000},{"Id":11,"Name":"圈圈11","Type":1,"ResIcon":"Hoop_flag_britain_icon","ResName":"Hoop_02_05","GemUnlock":1000},{"Id":12,"Name":"圈圈12","Type":1,"ResIcon":"Hoop_flag_canada_icon","ResName":"Hoop_02_06","GemUnlock":1000},{"Id":13,"Name":"圈圈13","Type":1,"ResIcon":"Hoop_Donut_01_icon","ResName":"Hoop_03_01","GemUnlock":0},{"Id":14,"Name":"圈圈14","Type":1,"ResIcon":"Hoop_Duck_icon","ResName":"Hoop_03_02","GemUnlock":5000},{"Id":15,"Name":"圈圈15","Type":1,"ResIcon":"Hoop_Minecraft_icon","ResName":"Hoop_03_03","GemUnlock":5000},{"Id":16,"Name":"圈圈16","Type":1,"ResIcon":"Hoop_Tire_icon","ResName":"Hoop_03_04","GemUnlock":5000},{"Id":17,"Name":"圈圈17","Type":1,"ResIcon":"Hoop_UFO_icon","ResName":"Hoop_03_05","GemUnlock":5000},{"Id":18,"Name":"圈圈18","Type":1,"ResIcon":"Hoop_Unicorn_icon","ResName":"Hoop_03_06","GemUnlock":5000},{"Id":19,"Name":"球球1","Type":2,"ResIcon":"Ball_deafult_icon","ResName":"Ball_01_01","GemUnlock":0},{"Id":20,"Name":"球球2","Type":2,"ResIcon":"Ball_goal_01_icon","ResName":"Ball_01_02","GemUnlock":0},{"Id":21,"Name":"球球3","Type":2,"ResIcon":"Ball_goal_04_icon","ResName":"Ball_01_03","GemUnlock":300},{"Id":22,"Name":"球球4","Type":2,"ResIcon":"Ball_canada_icon","ResName":"Ball_01_04","GemUnlock":300},{"Id":23,"Name":"球球5","Type":2,"ResIcon":"Ball_goal_03_icon","ResName":"Ball_01_05","GemUnlock":300},{"Id":24,"Name":"球球6","Type":2,"ResIcon":"Ball_USA_icon","ResName":"Ball_01_06","GemUnlock":300},{"Id":25,"Name":"球球7","Type":2,"ResIcon":"Ball_chupa_yellow_icon","ResName":"Ball_02_01","GemUnlock":0},{"Id":26,"Name":"球球8","Type":2,"ResIcon":"Ball_chupa_green_icon","ResName":"Ball_02_02","GemUnlock":1000},{"Id":27,"Name":"球球9","Type":2,"ResIcon":"Ball_gradient_icon","ResName":"Ball_02_03","GemUnlock":1000},{"Id":28,"Name":"球球10","Type":2,"ResIcon":"Ball_cookie_icon","ResName":"Ball_02_04","GemUnlock":1000},{"Id":29,"Name":"球球11","Type":2,"ResIcon":"Ball_gem_red_icon","ResName":"Ball_02_05","GemUnlock":1000},{"Id":30,"Name":"球球12","Type":2,"ResIcon":"Ball_mushroom_icon","ResName":"ball_02_06","GemUnlock":1000},{"Id":31,"Name":"圈圈19","Type":1,"ResIcon":"hoop_demon","ResName":"Hoop_04_01","GemUnlock":6000},{"Id":32,"Name":"圈圈20","Type":1,"ResIcon":"hoop_hat","ResName":"Hoop_04_02","GemUnlock":6000},{"Id":33,"Name":"圈圈21","Type":1,"ResIcon":"hoop_Spike","ResName":"Hoop_04_03","GemUnlock":6000},{"Id":34,"Name":"圈圈22","Type":1,"ResIcon":"hoop_lid","ResName":"Hoop_04_04","GemUnlock":6000},{"Id":35,"Name":"圈圈23","Type":1,"ResIcon":"hoop_snake","ResName":"Hoop_04_05","GemUnlock":6000},{"Id":36,"Name":"圈圈24","Type":1,"ResIcon":"hoop_kiss","ResName":"Hoop_04_06","GemUnlock":6000},{"Id":37,"Name":"球球13","Type":2,"ResIcon":"Ball_earth","ResName":"Ball_03_01","GemUnlock":3000},{"Id":38,"Name":"球球14","Type":2,"ResIcon":"Ball_pokemonball","ResName":"Ball_03_02","GemUnlock":3000},{"Id":39,"Name":"球球15","Type":2,"ResIcon":"Ball_dragonball","ResName":"Ball_03_03","GemUnlock":3000},{"Id":40,"Name":"球球16","Type":2,"ResIcon":"Ball_heart","ResName":"Ball_03_04","GemUnlock":3000},{"Id":41,"Name":"球球17","Type":2,"ResIcon":"Ball_eyeball","ResName":"Ball_03_05","GemUnlock":3000},{"Id":42,"Name":"球球18","Type":2,"ResIcon":"Ball_emoji","ResName":"Ball_03_06","GemUnlock":3000}]