[{"Id":1,"Chinese":"完美套一套","English":"Ring Over","Indonesian":"Ring Over","Hindi":"रिंग ओवर","Portuguese":"Passe a Argola","Arabic":"كرات وحلقات","Thai":"แหวนหรรษา","Vietnamese":"Ném Vòng"},{"Id":2,"Chinese":"第|1|关","English":"Level |1|","Indonesian":"Level |1|","Hindi":"लेवल |1|","Portuguese":"Nível |1|","Arabic":"مستوى |1|","Thai":"เลเวล |1|","Vietnamese":"Cấp |1|"},{"Id":3,"Chinese":"领取宝箱","English":"Free Chest","Indonesian":"Peti Gratis","Hindi":"निशुल्‍क चेस्‍ट","Portuguese":"Baú grátis","Arabic":"صندوق مجاني","Thai":"หีบฟรี","Vietnamese":"Rương Miễn Phí"},{"Id":4,"Chinese":"签到","English":"Daily Reward","Indonesian":"Hadiah Harian","Hindi":"दैनिक इनाम","Portuguese":"Recompensa diária","Arabic":"المكافأة اليومية","Thai":"รางวัลรายวัน","Vietnamese":"Đổi ngày"},{"Id":5,"Chinese":"开始游戏","English":"Start","Indonesian":"Mulai","Hindi":"शुरू करें","Portuguese":"Iniciar","Arabic":"بدء","Thai":"เริ่มต้น","Vietnamese":"Bắt đầu"},{"Id":6,"Chinese":"好友排行","English":"Ranking","Indonesian":"Daftar peringkat","Hindi":"रैंक","Portuguese":"Classificação","Arabic":"قائمة الترتيب","Thai":"จัดอันดับ","Vietnamese":"BXH"},{"Id":7,"Chinese":"挑战","English":"Challenge","Indonesian":"Tantangan","Hindi":"चुनौती","Portuguese":"Desafiar","Arabic":"تحدي","Thai":"ชาเลนจ์","Vietnamese":"Trận thách đấu"},{"Id":8,"Chinese":"皮肤","English":"Skins","Indonesian":"Kulit","Hindi":"स्किन्‍स","Portuguese":"Peles","Arabic":"المظاهر","Thai":"สกิน","Vietnamese":"Da"},{"Id":9,"Chinese":"第|1|天","English":"Day |1|","Indonesian":"Hari ke-|1|","Hindi":"दिन |1|","Portuguese":"Dia |1|","Arabic":"يوم |1|","Thai":"วันที่ |1|","Vietnamese":"Ngày |1|"},{"Id":10,"Chinese":"领取","English":"Get","Indonesian":"Dapatkan","Hindi":"पाएं","Portuguese":"Obter","Arabic":"استلم","Thai":"รับ","Vietnamese":"Nhận"},{"Id":11,"Chinese":"双倍奖励","English":"Double","Indonesian":"Gandakan","Hindi":"दुगुना","Portuguese":"Em dobro","Arabic":"X2","Thai":"สองเท่า","Vietnamese":"X2"},{"Id":12,"Chinese":"上一页","English":"Page Up","Indonesian":"Halaman Naik","Hindi":"पेज अप","Portuguese":"Página para cima","Arabic":"صفحة لأعلى","Thai":"เลื่อนขึ้น","Vietnamese":"Lên trang"},{"Id":13,"Chinese":"下一页","English":"Page Down","Indonesian":"Halaman Turun","Hindi":"पेज डाउन","Portuguese":"Página para baixo","Arabic":"صفحة لأسفل","Thai":"เลื่อนลง","Vietnamese":"Xuống trang"},{"Id":14,"Chinese":"圈","English":"Ring","Indonesian":"Cincin","Hindi":"अंगूठी","Portuguese":"Argola","Arabic":"حلقة","Thai":"แหวน","Vietnamese":"Nhẫn"},{"Id":15,"Chinese":"球","English":"Ball","Indonesian":"Bola","Hindi":"गेंद","Portuguese":"Bola","Arabic":"كرة","Thai":"ลูกบอล","Vietnamese":"Bóng"},{"Id":16,"Chinese":"免费宝石","English":"Free Gem","Indonesian":"Permata Gratis","Hindi":"निशुल्‍क जेम","Portuguese":"Gema grátis","Arabic":"جوهره مجانية","Thai":"พลอยฟรี","Vietnamese":"Ngọc Miễn Phí"},{"Id":17,"Chinese":"随机解锁","English":"Random Unlock","Indonesian":"Buka Acak","Hindi":"बेतरतीब अनलॉक करें","Portuguese":"Desbloqueio aleatório","Arabic":"فتح الوضع العشوائي","Thai":"สุ่มปลดล็อก","Vietnamese":"Mở Khóa Ngẫu Nhiên"},{"Id":18,"Chinese":"使用","English":"Use","Indonesian":"Gunakan","Hindi":"प्रयोग करें","Portuguese":"Usar","Arabic":"استخدام","Thai":"ใข้","Vietnamese":"Dùng"},{"Id":19,"Chinese":"跳过","English":"Skip","Indonesian":"Lewati","Hindi":"छोड़ें","Portuguese":"Pular","Arabic":"تجاوز","Thai":"ข้าม","Vietnamese":"Bỏ qua"},{"Id":20,"Chinese":"挑战模式","English":"Challenge Mode","Indonesian":"Mode Tantangan","Hindi":"चुनौती मोड","Portuguese":"Modo Desafio","Arabic":"وضع التحدي","Thai":"โหมดชาเลนจ์","Vietnamese":"Chế độ thách đấu"},{"Id":21,"Chinese":"匹配中","English":"Matching","Indonesian":"Pemadanan","Hindi":"मैचिंग","Portuguese":"Conectando","Arabic":"جارٍ البحث عن نظير","Thai":"กำลังจับคู่","Vietnamese":"Đang ghép nối"},{"Id":22,"Chinese":"胜利","English":"Win","Indonesian":"Menang","Hindi":"जीत","Portuguese":"Vitória","Arabic":"ربح","Thai":"ชนะ","Vietnamese":"Thắng lợi"},{"Id":23,"Chinese":"宝石翻倍","English":"Double Gem","Indonesian":"Permata Ganda","Hindi":"दोहरा जेम","Portuguese":"Gemas em dobro","Arabic":"ضِعف الجواهر","Thai":"พลอยสองเท่า","Vietnamese":"Ngọc Gấp Đôi"},{"Id":24,"Chinese":"失败","English":"Lose","Indonesian":"Kalah","Hindi":"खोएं","Portuguese":"Perdeu","Arabic":"خسارة","Thai":"แพ้","Vietnamese":"Thua"},{"Id":25,"Chinese":"领取并复仇","English":"Use and Revenge","Indonesian":"Guanakan dan Balaskan Dendammu","Hindi":"प्रयोग करें और बदला लें","Portuguese":"Use e vingue-se","Arabic":"استخدم وانتقم","Thai":"ใช้และล้างแค้น","Vietnamese":"Dùng và Trả Thù"},{"Id":26,"Chinese":"比赛赛程","English":"Schedule","Indonesian":"Jadwalkan","Hindi":"सूचीपत्र","Portuguese":"Programação","Arabic":"الجدول","Thai":"กำหนดการ","Vietnamese":"Lên Lịch"},{"Id":27,"Chinese":"成功","English":"Success","Indonesian":"Berhasil","Hindi":"सफल","Portuguese":"Sucesso","Arabic":"نجاح","Thai":"สำเร็จ","Vietnamese":"Thành công"},{"Id":28,"Chinese":"决赛","English":"Finals","Indonesian":"Final","Hindi":"फाइनल्‍स","Portuguese":"Finais","Arabic":"النهائيات","Thai":"รอบไฟนอล","Vietnamese":"Chung kết"},{"Id":29,"Chinese":"下一关","English":"Next Level","Indonesian":"Level Berikutnya","Hindi":"अगला लेवल","Portuguese":"Próximo nível","Arabic":"المرحلة التالية","Thai":"เลเวลถัดไป","Vietnamese":"Leve Tiếp"},{"Id":30,"Chinese":"收集钥匙","English":"Collect Keys","Indonesian":"Kumpulkan Kunci","Hindi":"की एकत्रित करें","Portuguese":"Colete chaves","Arabic":"اجمع المفاتيح","Thai":"สะสมกุญแจ","Vietnamese":"Thu Thập Khóa"},{"Id":31,"Chinese":"幸运抽奖","English":"Lucky Draw","Indonesian":"Undian","Hindi":"लकी ड्रा","Portuguese":"Sorteio da Sorte","Arabic":"سحب الحظ","Thai":"จับสลากเสี่ยงโชค","Vietnamese":"Rút thăm"},{"Id":32,"Chinese":"最高奖励","English":"Best Reward","Indonesian":"Hadiah Terbaik","Hindi":"सबसे अच्छा रिवार्ड","Portuguese":"Melhor recompensa","Arabic":"أفضل مكافأة","Thai":"รางวัลดีที่สุด","Vietnamese":"Phần Thưởng Tốt Nhất"},{"Id":33,"Chinese":"+3钥匙","English":"Keys +3","Indonesian":"Kunci +3","Hindi":"की +3","Portuguese":"Chaves +3","Arabic":"المفاتيح +3","Thai":"กุญแจ +3","Vietnamese":"Chìa Khóa +3"},{"Id":34,"Chinese":"待定","English":"Pending","Indonesian":"Tertunda","Hindi":"लंबित","Portuguese":"Pendente","Arabic":"معلق","Thai":"รอดำเนินการ","Vietnamese":"Đang chờ"},{"Id":35,"Chinese":"免费抽奖","English":"Free draw","Indonesian":"Undian gratis","Hindi":"मुफ्त ड्रा","Portuguese":"Sorteio grátis","Arabic":"السحب الحر","Thai":"วาดฟรี","Vietnamese":"Bốc thăm miễn phí"},{"Id":36,"Chinese":"免费使用","English":"Free use","Indonesian":"Penggunaan gratis","Hindi":"मुफ्त का उपयोग","Portuguese":"Uso grátis","Arabic":"استخدام مجاني","Thai":"ใช้ฟรี","Vietnamese":"Sử dụng miễn phí"},{"Id":37,"Chinese":"获得宝石","English":"Get gems","Indonesian":"Dapatkan permata","Hindi":"एक रत्न प्राप्त करें","Portuguese":"Obter uma jóia","Arabic":"الحصول على جوهرة","Thai":"รับอัญมณี","Vietnamese":"Lấy đá quý"},{"Id":38,"Chinese":"获得新皮肤","English":"Get new skin","Indonesian":"Dapatkan kulit baru","Hindi":"नई त्वचा प्राप्त करें","Portuguese":"Obtenha uma nova pele","Arabic":"الحصول على بشرة جديدة","Thai":"รับผิวใหม่","Vietnamese":"Có được làn da mới"},{"Id":39,"Chinese":"停止","English":"Stop","Indonesian":"Berhenti","Hindi":"बंद करो","Portuguese":"Parar","Arabic":"توقف","Thai":"หยุด","Vietnamese":"Dừng lại"},{"Id":40,"Chinese":"宝石挑战","English":"Gemstone challenge","Indonesian":"Tantangan batu permata","Hindi":"रत्न चुनौती","Portuguese":"Desafio de pedras preciosas","Arabic":"تحدي الأحجار الكريمةความท้าทายพลอย","Vietnamese":"Thử thách đá quý"},{"Id":41,"Chinese":"点击开始","English":"Click to start","Indonesian":"Klik untuk memulai","Hindi":"शुरू करने के लिए क्लिक करें","Portuguese":"Clique para iniciar","Arabic":"انقر للبدء","Thai":"คลิกเพื่อเริ่ม","Vietnamese":"Nhấn vào đây để bắt đầu"},{"Id":42,"Chinese":"挑战完成","English":"Challenge completion","Indonesian":"Tantangan selesai","Hindi":"चुनौती पूर्ण","Portuguese":"Conclusão do desafio","Arabic":"إكمال التحدي","Thai":"เสร็จสิ้นการท้าทาย","Vietnamese":"Hoàn thành thử thách"},{"Id":43,"Chinese":"宝石不足","English":"Not enough gems","Indonesian":"Batu tidak cukup","Hindi":"अपर्याप्त पत्थर","Portuguese":"Pedras insuficientes","Arabic":"الحجارة غير كافية","Thai":"หินไม่เพียงพอ","Vietnamese":"Đá không đủ"},{"Id":44,"Chinese":"已签到","English":"Checked in","Indonesian":"Sudah masuk","Hindi":"में जांचा गया","Portuguese":"Check-in","Arabic":"تحقق في","Thai":"เช็คอินแล้ว","Vietnamese":"Đã đăng ký"}]